slice_file_name,fsID,start,end,salience,fold,classID,class
7061-6-0-0.wav,7061,0.978088,3.231723,1,1,6,gun_shot
9031-3-1-0.wav,9031,5.55171,5.967569,1,1,3,dog_bark
14113-4-0-0.wav,14113,0,4,1,1,4,drilling
14113-4-0-1.wav,14113,0.5,4.5,1,1,4,drilling
15564-2-0-0.wav,15564,0,4,1,1,2,children_playing
15564-2-0-0.wav,15564,0,4,1,1,2,children_playing
17592-5-0-0.wav,17592,2.005174,6.005174,1,1,5,engine_idling
17913-4-0-0.wav,17913,0,4,1,1,4,drilling
